{
    "id": "tactical-map",
    "title": "Tactical Map",
    "version": "1.0.1",
    "description": "Adds an optional Tactical Map Image for a Scene, toggled from the Tokens Control tools. (left toolbar)",
    "compatibility": {
        "minimum": "12",
        "verified": "12"
    },
    "authors": [
        {
          "name": "Gus",
          "flags": {}
        }
      ],
    "esmodules": [
      "js/tactical-map.js"
    ],
    "url": "https://github.com/mordachai/tactical-map",
    "manifest": "https://raw.githubusercontent.com/mordachai/tactical-map/main/module.json",
    "download": "https://github.com/mordachai/tactical-map/raw/main/tactical-map.zip",
    "license": "https://github.com/mordachai/tactical-map?tab=GPL-3.0-1-ov-file"
  }
  
